N,build_time_us,node_count,avg_branching,max_depth,naive_time_us,bk_k0_time_us,bk_k0_visited,bk_k0_found,bk_k1_time_us,bk_k1_visited,bk_k1_found,bk_k2_time_us,bk_k2_visited,bk_k2_found,bk_k3_time_us,bk_k3_visited,bk_k3_found
1000,4071,1000,1.94737,11,282.14,2.62,6.28,0,81.85,246.83,0,227.5,642.4,0.01,253.8,848.69,0.49
10000,25225,10000,1.95064,20,2355.33,2.45,8.7,0,394.05,1485.71,0,1255.01,5016.26,0.17,1771.29,7376.55,5.81
100000,241569,100000,1.97377,24,21232.1,3.99,11.36,0.01,2631.29,8779.07,0.04,12491.9,42947.7,1.89,19934,68896,62.24
