N,build_time_us,node_count,avg_branching,max_depth,naive_time_us,bk_k1_time_us,bk_k1_visited,bk_k1_found,bk_k1_speedup,bk_k2_time_us,bk_k2_visited,bk_k2_found,bk_k2_speedup,bk_k3_time_us,bk_k3_visited,bk_k3_found,bk_k3_speedup,bk_k0_time_us,bk_k0_visited,bk_k0_found
1000,4032,1000,1.94737,11,713.77,177.2,246.83,0,4.02805,624.71,642.4,0.01,1.14256,701.72,848.69,0.49,1.01717,5.88,6.28,0
5000,32974,5000,1.93685,18,3250,729.1,889.81,0.01,4.45755,1967.08,2737.68,0.05,1.6522,2704.08,3917.15,2.13,1.20189,6.23,8.2,0
10000,66959,10000,1.9855,17,6236.44,1235.63,1670.81,0,5.04717,4337.2,6079.72,0.16,1.4379,5741.23,8373.6,5.45,1.08626,6.89,8.74,0
50000,376764,50000,2.001,20,31208.4,4869.58,6139.57,0.01,6.40885,22445.2,26852.6,1.07,1.39043,32814.9,39151.5,30.33,0.951043,9.06,10.04,0
100000,725666,100000,2.01574,21,61583.6,9785.81,9635.31,0,6.29315,51747.4,47916.6,1.41,1.19008,74511.1,73850.4,42.18,0.826502,9.29,10.39,0
